"Status","Path","BytesCore","BytesGibbon"
"Diferente",".htaccess","1637","258"
"Solo core_gyansetu",".htaccess.lock-7890c2975413-102f728d3-7b658","47",""
"Solo core_gyansetu",".htaccess.lock-b66d19cece59-102f728d3-7b658","47",""
"Solo core_gyansetu",".htaccess.phpupgrader.8ef8c693","267",""
"Solo core_gyansetu",".htaccess.phpupgrader.9f3052fc","1637",""
"Solo core_gyansetu","emergencyTOfamily.sql.gz","416",""
"Diferente","error_log","2652410","49860"
"Solo core_gyansetu","gibbon_demo.sql.gz","129676",""
"Solo core_gyansetu","gibbon.sql.gz","72324",""
"Solo core_gyansetu","modules/Query Builder/error_log","1000",""
"Solo core_gyansetu","modules/Reporting/reporting.sql.gz","1139",""
"Diferente","modules/Reports/error_log","439","13728"
"Diferente","modules/Staff/error_log","90016","10972"
"Diferente","modules/Students/error_log","3403","4596"
"Diferente","modules/User Admin/error_log","1555538","452210"
"Solo core_gyansetu","peticion.sql.gz","952",""
"Solo core_gyansetu","query_leftstudents.sql.gz","1014",""
"Solo core_gyansetu","query_studentdata_ECD.sql.gz","1229",""
"Solo core_gyansetu","query_studentdata_noECD.sql.gz","1237",""
"Solo core_gyansetu","query_studentsdata_2.sql.gz","1229",""
"Solo core_gyansetu","query_studentsdata.sql.gz","1253",""
"Solo core_gyansetu","query_studentslist.sql.gz","1058",""
"Solo core_gyansetu","query_transitionedstudents.sql.gz","961",""
"Solo core_gyansetu","querys_gyansetu.sql.gz","1248",""
"Solo core_gyansetu","resources/templates/ui/enrolmentOverview.twig - Copy.html","5561",""
"Solo core_gyansetu","resources/templates/ui/enrolmentOverview.twig.html","5561",""
"Solo core_gyansetu","resources/templates/ui/enrolmentOverviewr.twig.html","5549",""
"Solo core_gyansetu","resources/templates/ui/enrolmentOverviewrk.twig.html","5548",""
"Solo core_gyansetu","src/Domain/Students/StudentGateway - Copy.php","33853",""
"Solo core_gyansetu","src/Tables/Prefab/EnrolmentTable - Copy.php","9173",""
"Solo core_gyansetu","studentdata_ECD.sql.gz","1243",""
"Solo core_gyansetu","studentdata_noECD.sql.gz","1249",""
"Solo core_gyansetu","studentsdata.sql.gz","1247",""
"Solo core_gyansetu","studentslist.sql.gz","1052",""
"Solo core_gyansetu","tests/config/data/dump.sql.gz","1586",""
"Solo core_gyansetu","UpateDB_v18.0.1_to_v22.0.1.sql.gz","17897",""
"Solo GibbonGyansetu",".github/SECURITY.md","","3060"
"Solo GibbonGyansetu",".vscode/ftp-kr.json","","349"
"Solo GibbonGyansetu",".vscode/ftp-kr.sync.cache.json","","36847"
"Solo GibbonGyansetu",".vscode/ftp-sync.json","","584"
"Solo GibbonGyansetu",".vscode/settings.json","","40"
"Solo GibbonGyansetu","addMissingParents_22-05-2022.sql","","6419"
"Solo GibbonGyansetu","docs/Guia-visual-flujos-GyanSetu.pdf","","3100839"
"Solo GibbonGyansetu","docs/gyansetu-guia-visual/flujo-roles.png","","2104816"
"Solo GibbonGyansetu","docs/gyansetu-guia-visual/index.html","","14653"
"Solo GibbonGyansetu","docs/GyanSetu-Visual-Workflow-Guide-EN.pdf","","3106667"
"Solo GibbonGyansetu","emergencyTOfamily.sql","","1116"
"Solo GibbonGyansetu","gibbon_demo.sql","","1218215"
"Solo GibbonGyansetu","gibbon.sql","","430014"
"Solo GibbonGyansetu","MissingParentsApplicationFormAcceptFix2022.sql","","1659"
"Solo GibbonGyansetu","modules/Attendance/attendance_take_adHoc.php","","11953"
"Solo GibbonGyansetu","modules/Attendance/attendance_take_adHocProcess.php","","5523"
"Solo GibbonGyansetu","modules/Attendance/error_log","","397939"
"Solo GibbonGyansetu","modules/Reporting/reporting.sql","","6644"
"Solo GibbonGyansetu","modules/School Admin/activitySettings_type_add.php","","3742"
"Solo GibbonGyansetu","modules/School Admin/activitySettings_type_addProcess.php","","2402"
"Solo GibbonGyansetu","modules/School Admin/activitySettings_type_delete.php","","1426"
"Solo GibbonGyansetu","modules/School Admin/activitySettings_type_deleteProcess.php","","1762"
"Solo GibbonGyansetu","modules/School Admin/activitySettings_type_edit.php","","3524"
"Solo GibbonGyansetu","modules/School Admin/activitySettings_type_editProcess.php","","2467"
"Solo GibbonGyansetu","modules/System Admin/activeSessions_settingsProcess.php","","2314"
"Solo GibbonGyansetu","modules/System Admin/activeSessions.php","","4392"
"Solo GibbonGyansetu","modules/System Admin/emailTemplates_manage_delete.php","","1752"
"Solo GibbonGyansetu","modules/System Admin/emailTemplates_manage_deleteProcess.php","","1892"
"Solo GibbonGyansetu","modules/System Admin/emailTemplates_manage_duplicate.php","","2844"
"Solo GibbonGyansetu","modules/System Admin/emailTemplates_manage_duplicateProcess.php","","2467"
"Solo GibbonGyansetu","modules/System Admin/error_log","","99012"
"Solo GibbonGyansetu","modules/System Admin/import_manageProcess.php","","2130"
"Solo GibbonGyansetu","modules/System Admin/thirdPartySettings_emailProcess.php","","2071"
"Solo GibbonGyansetu","modules/System Admin/thirdPartySettings_paymentProcess.php","","3270"
"Solo GibbonGyansetu","modules/System Admin/thirdPartySettings_smsProcess.php","","1714"
"Solo GibbonGyansetu","modules/System Admin/thirdPartySettings_ssoEdit.php","","8496"
"Solo GibbonGyansetu","modules/System Admin/thirdPartySettings_ssoEditProcess.php","","2842"
"Solo GibbonGyansetu","modules/Timetable Admin/error_log","","3422"
"Solo GibbonGyansetu","modules/Timetable/report_viewAvailableSpace_view.php","","3241"
"Solo GibbonGyansetu","modules/Timetable/report_viewAvailableTeachers_view.php","","2223"
"Solo GibbonGyansetu","modules/Timetable/spaceChange_manage_addAjax.php","","2530"
"Solo GibbonGyansetu","modules/User Admin/user_manage_view_status_log.php","","2513"
"Solo GibbonGyansetu","phpstan.neon","","1189"
"Solo GibbonGyansetu","query_leftstudents.sql","","4963"
"Solo GibbonGyansetu","query_studentdata_ECD.sql","","8025"
"Solo GibbonGyansetu","query_studentdata_noECD.sql","","8035"
"Solo GibbonGyansetu","query_studentsdata_2.sql","","8114"
"Solo GibbonGyansetu","query_studentsdata.sql","","8631"
"Solo GibbonGyansetu","query_studentslist.sql","","7025"
"Solo GibbonGyansetu","query_transitionedstudents.sql","","4449"
"Solo GibbonGyansetu","querys_gyansetu.sql","","7212"
"Solo GibbonGyansetu","resources/templates/page.twig.html","","5124"
"Solo GibbonGyansetu","resources/templates/ui/ssoButton.twig.html","","1702"
"Solo GibbonGyansetu","src/Auth/Adapter/AuthenticationAdapter.php","","13435"
"Solo GibbonGyansetu","src/Auth/Adapter/DefaultAdapter.php","","3817"
"Solo GibbonGyansetu","src/Auth/Adapter/OAuthAdapterInterface.php","","1014"
"Solo GibbonGyansetu","src/Auth/Adapter/OAuthGenericAdapter.php","","5108"
"Solo GibbonGyansetu","src/Auth/Adapter/OAuthGoogleAdapter.php","","4990"
"Solo GibbonGyansetu","src/Auth/Adapter/OAuthMicrosoftAdapter.php","","5231"
"Solo GibbonGyansetu","src/Auth/AuthSession.php","","2548"
"Solo GibbonGyansetu","src/Auth/Exception/DatabaseLoginError.php","","814"
"Solo GibbonGyansetu","src/Auth/Exception/InsufficientPrivileges.php","","818"
"Solo GibbonGyansetu","src/Auth/Exception/InsufficientRoleAccess.php","","818"
"Solo GibbonGyansetu","src/Auth/Exception/InsufficientYearAccess.php","","818"
"Solo GibbonGyansetu","src/Auth/Exception/MaintenanceMode.php","","811"
"Solo GibbonGyansetu","src/Auth/Exception/OAuthLoginError.php","","811"
"Solo GibbonGyansetu","src/Auth/Exception/OAuthUserNotFound.php","","813"
"Solo GibbonGyansetu","src/Auth/Exception/TooManyFailedLogins.php","","815"
"Solo GibbonGyansetu","src/Contracts/Services/Payment.php","","1277"
"Solo GibbonGyansetu","src/Database/Migrations/2021-08-01-GoogleSettings.php","","2765"
"Solo GibbonGyansetu","src/Database/Migrations/2021-12-30-ActivityTypes.php","","2537"
"Solo GibbonGyansetu","src/Database/Migrations/2022-01-23-StartingStatus.php","","2414"
"Solo GibbonGyansetu","src/Domain/Activities/ActivityTypeGateway.php","","1792"
"Solo GibbonGyansetu","src/Domain/System/SessionGateway.php","","4680"
"Solo GibbonGyansetu","src/Domain/User/UserStatusLogGateway.php","","1699"
"Solo GibbonGyansetu","src/Forms/Input/Scanner.php","","4999"
"Solo GibbonGyansetu","src/Http/Url.php","","10992"
"Solo GibbonGyansetu","src/Install/Config.php","","5707"
"Solo GibbonGyansetu","src/Install/Context.php","","5318"
"Solo GibbonGyansetu","src/Install/Http/Exception/ForbiddenException.php","","1791"
"Solo GibbonGyansetu","src/Install/Http/Exception/RecoverableException.php","","600"
"Solo GibbonGyansetu","src/Install/Http/InstallController.php","","45064"
"Solo GibbonGyansetu","src/Install/Http/NonceService.php","","3259"
"Solo GibbonGyansetu","src/Install/Installer.php","","26609"
"Solo GibbonGyansetu","src/Services/AuthServiceProvider.php","","9704"
"Solo GibbonGyansetu","src/Services/Payment/Payment.php","","15269"
"Solo GibbonGyansetu","src/Session/DatabaseSessionHandler.php","","3883"
"Solo GibbonGyansetu","src/Session/NativeSessionHandler.php","","3051"
"Solo GibbonGyansetu","src/Session/Session.php","","4537"
"Solo GibbonGyansetu","src/Session/SessionEncryption.php","","2511"
"Solo GibbonGyansetu","src/Session/SessionFactory.php","","4705"
"Solo GibbonGyansetu","src/View/Components/Navigator.php","","2589"
"Solo GibbonGyansetu","studentdata_ECD.sql","","8710"
"Solo GibbonGyansetu","studentdata_noECD.sql","","8713"
"Solo GibbonGyansetu","studentsdata.sql","","8631"
"Solo GibbonGyansetu","studentslist.sql","","7025"
"Solo GibbonGyansetu","tests/config/data/dump.sql","","6529"
"Solo GibbonGyansetu","tests/unit/Data/ValidatorTest.php","","11351"
"Solo GibbonGyansetu","tests/unit/Gibbon/Locale/MockGibbonTrait.php","","753"
"Solo GibbonGyansetu","tests/unit/Gibbon/Locale/MockGuidTrait.php","","860"
"Solo GibbonGyansetu","tests/unit/Gibbon/Locale/TranslationTest.php","","4427"
"Solo GibbonGyansetu","tests/unit/Gibbon/UrlTest.php","","8850"
"Solo GibbonGyansetu","tests/unit/Installer/NonceServiceTest.php","","872"
"Solo GibbonGyansetu","themes/Default/img/microsoft-login.svg","","692"
"Solo GibbonGyansetu","themes/Default/img/other-login.svg","","1051"
"Solo GibbonGyansetu","UpateDB_v18.0.1_to_v22.0.1.sql","","132348"
